{"cameraMode":{"drawMode":0,"name":"Shaded","section":"Shading Mode"},"sceneLighting":true,"audioPlay":false,"sceneViewState":{"m_AlwaysRefresh":false,"showFog":true,"showSkybox":true,"showFlares":true,"showImageEffects":true,"showParticleSystems":true,"showVisualEffectGraphs":true,"m_FxEnabled":true},"in2DMode":false,"pivot":{"x":-39.591251373291019,"y":30.685001373291017,"z":17.399999618530275},"rotation":{"x":0.2156713902950287,"y":0.06116205453872681,"z":-0.013546518050134182,"w":0.9744758009910584},"size":19.28091049194336,"orthographic":false}