{"cameraMode":{"drawMode":0,"name":"Shaded","section":"Shading Mode"},"sceneLighting":true,"audioPlay":false,"sceneViewState":{"m_AlwaysRefresh":false,"showFog":true,"showSkybox":true,"showFlares":true,"showImageEffects":true,"showParticleSystems":true,"showVisualEffectGraphs":true,"m_FxEnabled":true},"in2DMode":false,"pivot":{"x":-9.815661430358887,"y":10.68669605255127,"z":9.956276893615723},"rotation":{"x":-0.012170622125267983,"y":0.1503268927335739,"z":-0.0018470786744728685,"w":-0.9885799288749695},"size":28.233200073242189,"orthographic":false}