{"cameraMode":{"drawMode":0,"name":"Shaded","section":"Shading Mode"},"sceneLighting":true,"audioPlay":false,"sceneViewState":{"m_AlwaysRefresh":false,"showFog":true,"showSkybox":true,"showFlares":true,"showImageEffects":true,"showParticleSystems":true,"showVisualEffectGraphs":true,"m_FxEnabled":true},"in2DMode":false,"pivot":{"x":7.6961750984191898,"y":2.449917793273926,"z":-6.068219184875488},"rotation":{"x":0.010781122371554375,"y":0.9026365280151367,"z":0.02277010679244995,"w":-0.4296954274177551},"size":3.486786365509033,"orthographic":false}