{"cameraMode":{"drawMode":0,"name":"Shaded","section":"Shading Mode"},"sceneLighting":true,"audioPlay":false,"sceneViewState":{"m_AlwaysRefresh":false,"showFog":true,"showSkybox":true,"showFlares":true,"showImageEffects":true,"showParticleSystems":true,"showVisualEffectGraphs":true,"m_FxEnabled":true},"in2DMode":false,"pivot":{"x":7.6961750984191898,"y":2.449917793273926,"z":-6.068219184875488},"rotation":{"x":0.09735426306724549,"y":0.3744882047176361,"z":-0.039629559963941577,"w":0.9212693572044373},"size":23.228736877441408,"orthographic":false}