{"cameraMode":{"drawMode":0,"name":"Shaded","section":"Shading Mode"},"sceneLighting":true,"audioPlay":false,"sceneViewState":{"m_AlwaysRefresh":false,"showFog":true,"showSkybox":true,"showFlares":true,"showImageEffects":true,"showParticleSystems":true,"showVisualEffectGraphs":true,"m_FxEnabled":true},"in2DMode":false,"pivot":{"x":-39.591251373291019,"y":30.685001373291017,"z":17.399999618530275},"rotation":{"x":0.0065873232670128349,"y":0.9928752183914185,"z":-0.06593450158834458,"w":0.09923027455806732},"size":12.680915832519532,"orthographic":false}